"","Estimate","Std. Error","t value","Pr(>|t|)"
"(Intercept)",4.60759194118048,0.0378813084978286,121.632333303497,0
"IslandSanta Fe",-0.0579905147501164,0.0484285708042983,-1.1974442728128,0.231227846513677
