"","edf","Ref.df","F","p-value"
"s(LC_capture)",8.08387403710322,8.71720970153719,3532.14583981574,0
"s(LC_capture):Island_ordSanta Fe",3.45173247032834,4.25286916982835,16.5850727616699,0
"s(spi5_1yr)",8.29434677764647,8.84581899059637,19.5174028052147,0
"s(ID)",0.00321860723504954,1176,2.72877190032077e-06,0.511747988660811
