"","Estimate","Std. Error","t value","Pr(>|t|)"
"(Intercept)",4.35976371972837,0.0822104039003595,53.0317759417955,8.6457837762976e-278
"IslandSanta Fe",-0.29200984808642,0.0934471748817125,-3.12486544891328,0.00183649356006534
