"","edf","Ref.df","F","p-value"
"s(mid_lc)",5.73124604398742,6.90356214600179,35.7118977737057,3.08300403539322e-45
"s(mid_lc):Island_ordSanta Fe",1.00002741438622,1.00005053669501,67.6468438366322,6.25921300765674e-16
"s(ID)",60.5588183918379,597,0.113528383086329,0.0696507508025199
