"","Modnames","K","QAICc","Delta_QAICc","ModelLik","QAICcWt","Quasi.LL","c_hat","Cum.Wt"
"2","year",8,462.011465034892,0,1,0.47464997417551,-222.045732517446,1.25362263789699,0.47464997417551
"5","tortoises (5 yr)",9,463.448394271412,1.43692923652026,0.487500180513535,0.231391948091306,-221.50798091949,1.25362263789699,0.706041922266816
"4","tortoises",9,464.157033263827,2.14556822893564,0.342054870589741,0.162356335492028,-221.862300415697,1.25362263789699,0.868398257758844
"1","null",3,464.972627389288,2.96116235439621,0.227505428986691,0.107985445993321,-229.336313694644,1.25362263789699,0.976383703752165
"3","habitat",11,469.065455426832,7.05399039193992,0.0293931038237489,0.0139514359708805,-221.699394380082,1.25362263789699,0.990335139723046
"7","habitat + tortoises (5 yr)",12,470.864629104824,8.85316406993286,0.0119552826566667,0.00567457460424778,-221.235131453821,1.25362263789699,0.996009714327293
"6","habitat + tortoises",12,471.568894655716,9.557429620824,0.00840679635480406,0.00399028567270652,-221.587264229266,1.25362263789699,1
